{	
		"yq":{
			
				"home_title":"孕前准备",
				"fenlei":[
					{   "img":"0.jpg",
						"title":"不可忽略的备孕注意事项",
						"content":"不可忽略的备孕注意事项注意事项1：不要在患病期间受孕——疾病会影响体质、受精卵的质量、宫内者床环境。患病期间服用的药物也可能对精子和卵子产生不利影响。因此，夫妇双方有人患急性病，需等体质康复停药并征得医生同意后再考虑受孕为宜.注意事项2：不要在早产、流产和摘除葡萄胎后立刻受孕——妇女在早产、流产后，子宫内膜创伤，机体的平衡被突然打破，子宫等器官一时尚不能恢复正常，立即受孕容易再度流产而形成习惯性流产。所以首次流产或早产后，为使子宫等各个器官组织得到充分的休息，恢复应有功能，至少要过半年后再受孕，这样让子宫内环境有一个完全恢复的过程，并为下一次提供良好的条件。注意事项3：不要在炎热和严寒的季节受孕——因为怀孕早期，正是胎儿的大脑皮质出步形成的阶段。酷暑高温，孕妇反应中，食欲不佳，蛋白质及各种营养摄入量减少，机体消耗量大，会影响胎儿大脑的发育。另外，严寒季节孕妇多在室内活动，新鲜空气少，接触呼吸道疾病的机会增多，容易感冒而损害胎儿。"	
					},
					{   "img":"1.jpg",
						"title":"爸爸聪明生女，妈妈聪明生男dfdsfdsfdfdsfdsfsdf",
						"content":"爸爸聪明生女，妈妈聪明生男2注爸爸聪明生女，妈妈聪明生男：不要在患病期间受孕——疾病会影响体质、受精卵的质量、宫内者床环境。患病期间服用的药物也可能对精子和卵子产生不利影响。因此，夫妇双方有人患急性病，需等体质康复停药并征得医生同意后再考虑受孕为宜.注意事项2：不要在早产、流产和摘除葡萄胎后立刻受孕——妇女在早产、流产后，子宫内膜创伤，机体的平衡被突然打破，子宫等器官一时尚不能恢复正常，立即受孕容易再度流产而形成习惯性流产。所以首次流产或早产后，为使子宫等各个器官组织得到充分的休息，恢复应有功能，至少要过半年后再受孕，这样让子宫内环境有一个完全恢复的过程，并为下一次提供良好的条件。注意事项3：不要在炎热和严寒的季节受孕——因为怀孕早期，正是胎儿的大脑皮质出步形成的阶段。酷暑高温，孕妇反应中，食欲不佳，蛋白质及各种营养摄入量减少，机体消耗量大，会影响胎儿大脑的发育。另外，严寒季节孕妇多在室内活动，新鲜空气少，接触呼吸道疾病的机会增多，容易感冒而损害胎儿。"	
					},
					{   "img":"2.jpg",
						"title":"怀孕初期知道宝宝性别",
						"content":"怀孕初期知道宝宝性别3注意事项1：不要在患病期间受孕——疾病会影响体质、受精卵的质量、宫内者床环境。患病期间服用的药物也可能对精子和卵子产生不利影响。因此，夫妇双方有人患急性病，需等体质康复停药并征得医生同意后再考虑受孕为宜.注意事项2：不要在早产、流产和摘除葡萄胎后立刻受孕——妇女在早产、流产后，子宫内膜创伤，机体的平衡被突然打破，子宫等器官一时尚不能恢复正常，立即受孕容易再度流产而形成习惯性流产。所以首次流产或早产后，为使子宫等各个器官组织得到充分的休息，恢复应有功能，至少要过半年后再受孕，这样让子宫内环境有一个完全恢复的过程，并为下一次提供良好的条件。注意事项3：不要在炎热和严寒的季节受孕——因为怀孕早期，正是胎儿的大脑皮质出步形成的阶段。酷暑高温，孕妇反应中，食欲不佳，蛋白质及各种营养摄入量减少，机体消耗量大，会影响胎儿大脑的发育。另外，严寒季节孕妇多在室内活动，新鲜空气少，接触呼吸道疾病的机会增多，容易感冒而损害胎儿。"	
					}
					,
					{   "img":"3.jpg",
						"title":"吃什么容易得不孕不育",
						"content":"4注意事项1：不要在患病期间受孕——疾病会影响体质、受精卵的质量、宫内者床环境。患病期间服用的药物也可能对精子和卵子产生不利影响。因此，夫妇双方有人患急性病，需等体质康复停药并征得医生同意后再考虑受孕为宜.注意事项2：不要在早产、流产和摘除葡萄胎后立刻受孕——妇女在早产、流产后，子宫内膜创伤，机体的平衡被突然打破，子宫等器官一时尚不能恢复正常，立即受孕容易再度流产而形成习惯性流产。所以首次流产或早产后，为使子宫等各个器官组织得到充分的休息，恢复应有功能，至少要过半年后再受孕，这样让子宫内环境有一个完全恢复的过程，并为下一次提供良好的条件。注意事项3：不要在炎热和严寒的季节受孕——因为怀孕早期，正是胎儿的大脑皮质出步形成的阶段。酷暑高温，孕妇反应中，食欲不佳，蛋白质及各种营养摄入量减少，机体消耗量大，会影响胎儿大脑的发育。另外，严寒季节孕妇多在室内活动，新鲜空气少，接触呼吸道疾病的机会增多，容易感冒而损害胎儿。"	
					},
					{   "img":"4.jpg",
						"title":"孕妈如何吃乳酪菜油营养",
						"content":"5注意事项1：不要在患病期间受孕——疾病会影响体质、受精卵的质量、宫内者床环境。患病期间服用的药物也可能对精子和卵子产生不利影响。因此，夫妇双方有人患急性病，需等体质康复停药并征得医生同意后再考虑受孕为宜.注意事项2：不要在早产、流产和摘除葡萄胎后立刻受孕——妇女在早产、流产后，子宫内膜创伤，机体的平衡被突然打破，子宫等器官一时尚不能恢复正常，立即受孕容易再度流产而形成习惯性流产。所以首次流产或早产后，为使子宫等各个器官组织得到充分的休息，恢复应有功能，至少要过半年后再受孕，这样让子宫内环境有一个完全恢复的过程，并为下一次提供良好的条件。注意事项3：不要在炎热和严寒的季节受孕——因为怀孕早期，正是胎儿的大脑皮质出步形成的阶段。酷暑高温，孕妇反应中，食欲不佳，蛋白质及各种营养摄入量减少，机体消耗量大，会影响胎儿大脑的发育。另外，严寒季节孕妇多在室内活动，新鲜空气少，接触呼吸道疾病的机会增多，容易感冒而损害胎儿。"	
					}
					,
					{   "img":"5.jpg",
						"title":"女性的哪些心里会导致不孕",
						"content":"注意事项1：不要在患病期间受孕——疾病会影响体质、受精卵的质量、宫内者床环境。患病期间服用的药物也可能对精子和卵子产生不利影响。因此，夫妇双方有人患急性病，需等体质康复停药并征得医生同意后再考虑受孕为宜.注意事项2：不要在早产、流产和摘除葡萄胎后立刻受孕——妇女在早产、流产后，子宫内膜创伤，机体的平衡被突然打破，子宫等器官一时尚不能恢复正常，立即受孕容易再度流产而形成习惯性流产。所以首次流产或早产后，为使子宫等各个器官组织得到充分的休息，恢复应有功能，至少要过半年后再受孕，这样让子宫内环境有一个完全恢复的过程，并为下一次提供良好的条件。注意事项3：不要在炎热和严寒的季节受孕——因为怀孕早期，正是胎儿的大脑皮质出步形成的阶段。酷暑高温，孕妇反应中，食欲不佳，蛋白质及各种营养摄入量减少，机体消耗量大，会影响胎儿大脑的发育。另外，严寒季节孕妇多在室内活动，新鲜空气少，接触呼吸道疾病的机会增多，容易感冒而损害胎儿。"	
					}
					,
					{   "img":"6.jpg",
						"title":"女性怀孕的最佳时间该怎样算",
						"content":"注意事项1：不要在患病期间受孕——疾病会影响体质、受精卵的质量、宫内者床环境。患病期间服用的药物也可能对精子和卵子产生不利影响。因此，夫妇双方有人患急性病，需等体质康复停药并征得医生同意后再考虑受孕为宜.注意事项2：不要在早产、流产和摘除葡萄胎后立刻受孕——妇女在早产、流产后，子宫内膜创伤，机体的平衡被突然打破，子宫等器官一时尚不能恢复正常，立即受孕容易再度流产而形成习惯性流产。所以首次流产或早产后，为使子宫等各个器官组织得到充分的休息，恢复应有功能，至少要过半年后再受孕，这样让子宫内环境有一个完全恢复的过程，并为下一次提供良好的条件。注意事项3：不要在炎热和严寒的季节受孕——因为怀孕早期，正是胎儿的大脑皮质出步形成的阶段。酷暑高温，孕妇反应中，食欲不佳，蛋白质及各种营养摄入量减少，机体消耗量大，会影响胎儿大脑的发育。另外，严寒季节孕妇多在室内活动，新鲜空气少，接触呼吸道疾病的机会增多，容易感冒而损害胎儿。"	
					}
					,
					{   "img":"7.jpg",
						"title":"怀孕前要做好哪些准备",
						"content":"注意事项1：不要在患病期间受孕——疾病会影响体质、受精卵的质量、宫内者床环境。患病期间服用的药物也可能对精子和卵子产生不利影响。因此，夫妇双方有人患急性病，需等体质康复停药并征得医生同意后再考虑受孕为宜.注意事项2：不要在早产、流产和摘除葡萄胎后立刻受孕——妇女在早产、流产后，子宫内膜创伤，机体的平衡被突然打破，子宫等器官一时尚不能恢复正常，立即受孕容易再度流产而形成习惯性流产。所以首次流产或早产后，为使子宫等各个器官组织得到充分的休息，恢复应有功能，至少要过半年后再受孕，这样让子宫内环境有一个完全恢复的过程，并为下一次提供良好的条件。注意事项3：不要在炎热和严寒的季节受孕——因为怀孕早期，正是胎儿的大脑皮质出步形成的阶段。酷暑高温，孕妇反应中，食欲不佳，蛋白质及各种营养摄入量减少，机体消耗量大，会影响胎儿大脑的发育。另外，严寒季节孕妇多在室内活动，新鲜空气少，接触呼吸道疾病的机会增多，容易感冒而损害胎儿。"	
					}
					,
					{   "img":"8.jpg",
						"title":"孕前多吃海带对母婴都好",
						"content":"注意事项1：不要在患病期间受孕——疾病会影响体质、受精卵的质量、宫内者床环境。患病期间服用的药物也可能对精子和卵子产生不利影响。因此，夫妇双方有人患急性病，需等体质康复停药并征得医生同意后再考虑受孕为宜.注意事项2：不要在早产、流产和摘除葡萄胎后立刻受孕——妇女在早产、流产后，子宫内膜创伤，机体的平衡被突然打破，子宫等器官一时尚不能恢复正常，立即受孕容易再度流产而形成习惯性流产。所以首次流产或早产后，为使子宫等各个器官组织得到充分的休息，恢复应有功能，至少要过半年后再受孕，这样让子宫内环境有一个完全恢复的过程，并为下一次提供良好的条件。注意事项3：不要在炎热和严寒的季节受孕——因为怀孕早期，正是胎儿的大脑皮质出步形成的阶段。酷暑高温，孕妇反应中，食欲不佳，蛋白质及各种营养摄入量减少，机体消耗量大，会影响胎儿大脑的发育。另外，严寒季节孕妇多在室内活动，新鲜空气少，接触呼吸道疾病的机会增多，容易感冒而损害胎儿。"	
					}
					,
					{   "img":"9.jpg",
						"title":"新妈应了解的孕前饮食秘密",
						"content":"注意事项1：不要在患病期间受孕——疾病会影响体质、受精卵的质量、宫内者床环境。患病期间服用的药物也可能对精子和卵子产生不利影响。因此，夫妇双方有人患急性病，需等体质康复停药并征得医生同意后再考虑受孕为宜.注意事项2：不要在早产、流产和摘除葡萄胎后立刻受孕——妇女在早产、流产后，子宫内膜创伤，机体的平衡被突然打破，子宫等器官一时尚不能恢复正常，立即受孕容易再度流产而形成习惯性流产。所以首次流产或早产后，为使子宫等各个器官组织得到充分的休息，恢复应有功能，至少要过半年后再受孕，这样让子宫内环境有一个完全恢复的过程，并为下一次提供良好的条件。注意事项3：不要在炎热和严寒的季节受孕——因为怀孕早期，正是胎儿的大脑皮质出步形成的阶段。酷暑高温，孕妇反应中，食欲不佳，蛋白质及各种营养摄入量减少，机体消耗量大，会影响胎儿大脑的发育。另外，严寒季节孕妇多在室内活动，新鲜空气少，接触呼吸道疾病的机会增多，容易感冒而损害胎儿。"	
					}
					,
					{   "img":"10.jpg",
						"title":"女性多大年龄怀孕最合适",
						"content":"注意事项1：不要在患病期间受孕——疾病会影响体质、受精卵的质量、宫内者床环境。患病期间服用的药物也可能对精子和卵子产生不利影响。因此，夫妇双方有人患急性病，需等体质康复停药并征得医生同意后再考虑受孕为宜.注意事项2：不要在早产、流产和摘除葡萄胎后立刻受孕——妇女在早产、流产后，子宫内膜创伤，机体的平衡被突然打破，子宫等器官一时尚不能恢复正常，立即受孕容易再度流产而形成习惯性流产。所以首次流产或早产后，为使子宫等各个器官组织得到充分的休息，恢复应有功能，至少要过半年后再受孕，这样让子宫内环境有一个完全恢复的过程，并为下一次提供良好的条件。注意事项3：不要在炎热和严寒的季节受孕——因为怀孕早期，正是胎儿的大脑皮质出步形成的阶段。酷暑高温，孕妇反应中，食欲不佳，蛋白质及各种营养摄入量减少，机体消耗量大，会影响胎儿大脑的发育。另外，严寒季节孕妇多在室内活动，新鲜空气少，接触呼吸道疾病的机会增多，容易感冒而损害胎儿。"	
					}
					,
					{   "img":"11.jpg",
						"title":"哪些因素影响生男生女",
						"content":"注意事项1：不要在患病期间受孕——疾病会影响体质、受精卵的质量、宫内者床环境。患病期间服用的药物也可能对精子和卵子产生不利影响。因此，夫妇双方有人患急性病，需等体质康复停药并征得医生同意后再考虑受孕为宜.注意事项2：不要在早产、流产和摘除葡萄胎后立刻受孕——妇女在早产、流产后，子宫内膜创伤，机体的平衡被突然打破，子宫等器官一时尚不能恢复正常，立即受孕容易再度流产而形成习惯性流产。所以首次流产或早产后，为使子宫等各个器官组织得到充分的休息，恢复应有功能，至少要过半年后再受孕，这样让子宫内环境有一个完全恢复的过程，并为下一次提供良好的条件。注意事项3：不要在炎热和严寒的季节受孕——因为怀孕早期，正是胎儿的大脑皮质出步形成的阶段。酷暑高温，孕妇反应中，食欲不佳，蛋白质及各种营养摄入量减少，机体消耗量大，会影响胎儿大脑的发育。另外，严寒季节孕妇多在室内活动，新鲜空气少，接触呼吸道疾病的机会增多，容易感冒而损害胎儿。"	
					}										
				]	
			},
		"yz":{
				"home_title":"孕中知识",
				"fenlei":[
					{   "img":"12.jpg",
						"title":"孕前吃鱼的4大须知",
						"content":"孕前吃鱼的4大须知：不要在患病期间受孕——疾病会影响体质、受精卵的质量、宫内者床环境。患病期间服用的药物也可能对精子和卵子产生不利影响。因此，夫妇双方有人患急性病，需等体质康复停药并征得医生同意后再考虑受孕为宜.注意事项2：不要在早产、流产和摘除葡萄胎后立刻受孕——妇女在早产、流产后，子宫内膜创伤，机体的平衡被突然打破，子宫等器官一时尚不能恢复正常，立即受孕容易再度流产而形成习惯性流产。所以首次流产或早产后，为使子宫等各个器官组织得到充分的休息，恢复应有功能，至少要过半年后再受孕，这样让子宫内环境有一个完全恢复的过程，并为下一次提供良好的条件。注意事项3：不要在炎热和严寒的季节受孕——因为怀孕早期，正是胎儿的大脑皮质出步形成的阶段。酷暑高温，孕妇反应中，食欲不佳，蛋白质及各种营养摄入量减少，机体消耗量大，会影响胎儿大脑的发育。另外，严寒季节孕妇多在室内活动，新鲜空气少，接触呼吸道疾病的机会增多，容易感冒而损害胎儿。"	
					},
					{   "img":"13.jpg",
						"title":"女性孕前吃什么好",
						"content":"注意事项1：不要在患病期间受孕——疾病会影响体质、受精卵的质量、宫内者床环境。患病期间服用的药物也可能对精子和卵子产生不利影响。因此，夫妇双方有人患急性病，需等体质康复停药并征得医生同意后再考虑受孕为宜.注意事项2：不要在早产、流产和摘除葡萄胎后立刻受孕——妇女在早产、流产后，子宫内膜创伤，机体的平衡被突然打破，子宫等器官一时尚不能恢复正常，立即受孕容易再度流产而形成习惯性流产。所以首次流产或早产后，为使子宫等各个器官组织得到充分的休息，恢复应有功能，至少要过半年后再受孕，这样让子宫内环境有一个完全恢复的过程，并为下一次提供良好的条件。注意事项3：不要在炎热和严寒的季节受孕——因为怀孕早期，正是胎儿的大脑皮质出步形成的阶段。酷暑高温，孕妇反应中，食欲不佳，蛋白质及各种营养摄入量减少，机体消耗量大，会影响胎儿大脑的发育。另外，严寒季节孕妇多在室内活动，新鲜空气少，接触呼吸道疾病的机会增多，容易感冒而损害胎儿。"	
					},
					{   "img":"14.jpg",
						"title":"孕前营养5大精华推荐",
						"content":"注意事项1：不要在患病期间受孕——疾病会影响体质、受精卵的质量、宫内者床环境。患病期间服用的药物也可能对精子和卵子产生不利影响。因此，夫妇双方有人患急性病，需等体质康复停药并征得医生同意后再考虑受孕为宜.注意事项2：不要在早产、流产和摘除葡萄胎后立刻受孕——妇女在早产、流产后，子宫内膜创伤，机体的平衡被突然打破，子宫等器官一时尚不能恢复正常，立即受孕容易再度流产而形成习惯性流产。所以首次流产或早产后，为使子宫等各个器官组织得到充分的休息，恢复应有功能，至少要过半年后再受孕，这样让子宫内环境有一个完全恢复的过程，并为下一次提供良好的条件。注意事项3：不要在炎热和严寒的季节受孕——因为怀孕早期，正是胎儿的大脑皮质出步形成的阶段。酷暑高温，孕妇反应中，食欲不佳，蛋白质及各种营养摄入量减少，机体消耗量大，会影响胎儿大脑的发育。另外，严寒季节孕妇多在室内活动，新鲜空气少，接触呼吸道疾病的机会增多，容易感冒而损害胎儿。"	
					},
					{   "img":"15.jpg",
						"title":"常见高热量食物有哪些",
						"content":"注意事项1：不要在患病期间受孕——疾病会影响体质、受精卵的质量、宫内者床环境。患病期间服用的药物也可能对精子和卵子产生不利影响。因此，夫妇双方有人患急性病，需等体质康复停药并征得医生同意后再考虑受孕为宜.注意事项2：不要在早产、流产和摘除葡萄胎后立刻受孕——妇女在早产、流产后，子宫内膜创伤，机体的平衡被突然打破，子宫等器官一时尚不能恢复正常，立即受孕容易再度流产而形成习惯性流产。所以首次流产或早产后，为使子宫等各个器官组织得到充分的休息，恢复应有功能，至少要过半年后再受孕，这样让子宫内环境有一个完全恢复的过程，并为下一次提供良好的条件。注意事项3：不要在炎热和严寒的季节受孕——因为怀孕早期，正是胎儿的大脑皮质出步形成的阶段。酷暑高温，孕妇反应中，食欲不佳，蛋白质及各种营养摄入量减少，机体消耗量大，会影响胎儿大脑的发育。另外，严寒季节孕妇多在室内活动，新鲜空气少，接触呼吸道疾病的机会增多，容易感冒而损害胎儿。"	
					},
					{   "img":"16.jpg",
						"title":"孕前调理体质吃什么好",
						"content":"注意事项1：不要在患病期间受孕——疾病会影响体质、受精卵的质量、宫内者床环境。患病期间服用的药物也可能对精子和卵子产生不利影响。因此，夫妇双方有人患急性病，需等体质康复停药并征得医生同意后再考虑受孕为宜.注意事项2：不要在早产、流产和摘除葡萄胎后立刻受孕——妇女在早产、流产后，子宫内膜创伤，机体的平衡被突然打破，子宫等器官一时尚不能恢复正常，立即受孕容易再度流产而形成习惯性流产。所以首次流产或早产后，为使子宫等各个器官组织得到充分的休息，恢复应有功能，至少要过半年后再受孕，这样让子宫内环境有一个完全恢复的过程，并为下一次提供良好的条件。注意事项3：不要在炎热和严寒的季节受孕——因为怀孕早期，正是胎儿的大脑皮质出步形成的阶段。酷暑高温，孕妇反应中，食欲不佳，蛋白质及各种营养摄入量减少，机体消耗量大，会影响胎儿大脑的发育。另外，严寒季节孕妇多在室内活动，新鲜空气少，接触呼吸道疾病的机会增多，容易感冒而损害胎儿。"	
					},
					{   "img":"17.jpg",
						"title":"吃鱼翅男人不育",
						"content":"注意事项1：不要在患病期间受孕——疾病会影响体质、受精卵的质量、宫内者床环境。患病期间服用的药物也可能对精子和卵子产生不利影响。因此，夫妇双方有人患急性病，需等体质康复停药并征得医生同意后再考虑受孕为宜.注意事项2：不要在早产、流产和摘除葡萄胎后立刻受孕——妇女在早产、流产后，子宫内膜创伤，机体的平衡被突然打破，子宫等器官一时尚不能恢复正常，立即受孕容易再度流产而形成习惯性流产。所以首次流产或早产后，为使子宫等各个器官组织得到充分的休息，恢复应有功能，至少要过半年后再受孕，这样让子宫内环境有一个完全恢复的过程，并为下一次提供良好的条件。注意事项3：不要在炎热和严寒的季节受孕——因为怀孕早期，正是胎儿的大脑皮质出步形成的阶段。酷暑高温，孕妇反应中，食欲不佳，蛋白质及各种营养摄入量减少，机体消耗量大，会影响胎儿大脑的发育。另外，严寒季节孕妇多在室内活动，新鲜空气少，接触呼吸道疾病的机会增多，容易感冒而损害胎儿。"	
					},
					{   "img":"18.jpg",
						"title":"孕前健康饮食",
						"content":"注意事项1：不要在患病期间受孕——疾病会影响体质、受精卵的质量、宫内者床环境。患病期间服用的药物也可能对精子和卵子产生不利影响。因此，夫妇双方有人患急性病，需等体质康复停药并征得医生同意后再考虑受孕为宜.注意事项2：不要在早产、流产和摘除葡萄胎后立刻受孕——妇女在早产、流产后，子宫内膜创伤，机体的平衡被突然打破，子宫等器官一时尚不能恢复正常，立即受孕容易再度流产而形成习惯性流产。所以首次流产或早产后，为使子宫等各个器官组织得到充分的休息，恢复应有功能，至少要过半年后再受孕，这样让子宫内环境有一个完全恢复的过程，并为下一次提供良好的条件。注意事项3：不要在炎热和严寒的季节受孕——因为怀孕早期，正是胎儿的大脑皮质出步形成的阶段。酷暑高温，孕妇反应中，食欲不佳，蛋白质及各种营养摄入量减少，机体消耗量大，会影响胎儿大脑的发育。另外，严寒季节孕妇多在室内活动，新鲜空气少，接触呼吸道疾病的机会增多，容易感冒而损害胎儿。"	
					},
					{   "img":"19.jpg",
						"title":"孕前营养重点注意问题",
						"content":"注意事项1：不要在患病期间受孕——疾病会影响体质、受精卵的质量、宫内者床环境。患病期间服用的药物也可能对精子和卵子产生不利影响。因此，夫妇双方有人患急性病，需等体质康复停药并征得医生同意后再考虑受孕为宜.注意事项2：不要在早产、流产和摘除葡萄胎后立刻受孕——妇女在早产、流产后，子宫内膜创伤，机体的平衡被突然打破，子宫等器官一时尚不能恢复正常，立即受孕容易再度流产而形成习惯性流产。所以首次流产或早产后，为使子宫等各个器官组织得到充分的休息，恢复应有功能，至少要过半年后再受孕，这样让子宫内环境有一个完全恢复的过程，并为下一次提供良好的条件。注意事项3：不要在炎热和严寒的季节受孕——因为怀孕早期，正是胎儿的大脑皮质出步形成的阶段。酷暑高温，孕妇反应中，食欲不佳，蛋白质及各种营养摄入量减少，机体消耗量大，会影响胎儿大脑的发育。另外，严寒季节孕妇多在室内活动，新鲜空气少，接触呼吸道疾病的机会增多，容易感冒而损害胎儿。"	
					},
					{   "img":"20.jpg",
						"title":"四种食物有效提升你的孕",
						"content":"注意事项1：不要在患病期间受孕——疾病会影响体质、受精卵的质量、宫内者床环境。患病期间服用的药物也可能对精子和卵子产生不利影响。因此，夫妇双方有人患急性病，需等体质康复停药并征得医生同意后再考虑受孕为宜.注意事项2：不要在早产、流产和摘除葡萄胎后立刻受孕——妇女在早产、流产后，子宫内膜创伤，机体的平衡被突然打破，子宫等器官一时尚不能恢复正常，立即受孕容易再度流产而形成习惯性流产。所以首次流产或早产后，为使子宫等各个器官组织得到充分的休息，恢复应有功能，至少要过半年后再受孕，这样让子宫内环境有一个完全恢复的过程，并为下一次提供良好的条件。注意事项3：不要在炎热和严寒的季节受孕——因为怀孕早期，正是胎儿的大脑皮质出步形成的阶段。酷暑高温，孕妇反应中，食欲不佳，蛋白质及各种营养摄入量减少，机体消耗量大，会影响胎儿大脑的发育。另外，严寒季节孕妇多在室内活动，新鲜空气少，接触呼吸道疾病的机会增多，容易感冒而损害胎儿。"	
					},
					{   "img":"21.jpg",
						"title":"每一天随时都可能再吃",
						"content":"注意事项1：不要在患病期间受孕——疾病会影响体质、受精卵的质量、宫内者床环境。患病期间服用的药物也可能对精子和卵子产生不利影响。因此，夫妇双方有人患急性病，需等体质康复停药并征得医生同意后再考虑受孕为宜.注意事项2：不要在早产、流产和摘除葡萄胎后立刻受孕——妇女在早产、流产后，子宫内膜创伤，机体的平衡被突然打破，子宫等器官一时尚不能恢复正常，立即受孕容易再度流产而形成习惯性流产。所以首次流产或早产后，为使子宫等各个器官组织得到充分的休息，恢复应有功能，至少要过半年后再受孕，这样让子宫内环境有一个完全恢复的过程，并为下一次提供良好的条件。注意事项3：不要在炎热和严寒的季节受孕——因为怀孕早期，正是胎儿的大脑皮质出步形成的阶段。酷暑高温，孕妇反应中，食欲不佳，蛋白质及各种营养摄入量减少，机体消耗量大，会影响胎儿大脑的发育。另外，严寒季节孕妇多在室内活动，新鲜空气少，接触呼吸道疾病的机会增多，容易感冒而损害胎儿。"	
					},
					{   "img":"22.jpg",
						"title":"宫寒不宜吃什么",
						"content":"注意事项1：不要在患病期间受孕——疾病会影响体质、受精卵的质量、宫内者床环境。患病期间服用的药物也可能对精子和卵子产生不利影响。因此，夫妇双方有人患急性病，需等体质康复停药并征得医生同意后再考虑受孕为宜.注意事项2：不要在早产、流产和摘除葡萄胎后立刻受孕——妇女在早产、流产后，子宫内膜创伤，机体的平衡被突然打破，子宫等器官一时尚不能恢复正常，立即受孕容易再度流产而形成习惯性流产。所以首次流产或早产后，为使子宫等各个器官组织得到充分的休息，恢复应有功能，至少要过半年后再受孕，这样让子宫内环境有一个完全恢复的过程，并为下一次提供良好的条件。注意事项3：不要在炎热和严寒的季节受孕——因为怀孕早期，正是胎儿的大脑皮质出步形成的阶段。酷暑高温，孕妇反应中，食欲不佳，蛋白质及各种营养摄入量减少，机体消耗量大，会影响胎儿大脑的发育。另外，严寒季节孕妇多在室内活动，新鲜空气少，接触呼吸道疾病的机会增多，容易感冒而损害胎儿。"	
					},
					{   "img":"23.jpg",
						"title":"必看！孕前饮食四注意",
						"content":"注意事项1：不要在患病期间受孕——疾病会影响体质、受精卵的质量、宫内者床环境。患病期间服用的药物也可能对精子和卵子产生不利影响。因此，夫妇双方有人患急性病，需等体质康复停药并征得医生同意后再考虑受孕为宜.注意事项2：不要在早产、流产和摘除葡萄胎后立刻受孕——妇女在早产、流产后，子宫内膜创伤，机体的平衡被突然打破，子宫等器官一时尚不能恢复正常，立即受孕容易再度流产而形成习惯性流产。所以首次流产或早产后，为使子宫等各个器官组织得到充分的休息，恢复应有功能，至少要过半年后再受孕，这样让子宫内环境有一个完全恢复的过程，并为下一次提供良好的条件。注意事项3：不要在炎热和严寒的季节受孕——因为怀孕早期，正是胎儿的大脑皮质出步形成的阶段。酷暑高温，孕妇反应中，食欲不佳，蛋白质及各种营养摄入量减少，机体消耗量大，会影响胎儿大脑的发育。另外，严寒季节孕妇多在室内活动，新鲜空气少，接触呼吸道疾病的机会增多，容易感冒而损害胎儿。"	
					}	
				]		
			},
		"cq":{
				"home_title":"产前知识",
				"fenlei":[
					{   "img":"24.jpg",
						"title":"产后母乳充足有几个秘诀",
						"content":"注意事项1：不要在患病期间受孕——疾病会影响体质、受精卵的质量、宫内者床环境。患病期间服用的药物也可能对精子和卵子产生不利影响。因此，夫妇双方有人患急性病，需等体质康复停药并征得医生同意后再考虑受孕为宜.注意事项2：不要在早产、流产和摘除葡萄胎后立刻受孕——妇女在早产、流产后，子宫内膜创伤，机体的平衡被突然打破，子宫等器官一时尚不能恢复正常，立即受孕容易再度流产而形成习惯性流产。所以首次流产或早产后，为使子宫等各个器官组织得到充分的休息，恢复应有功能，至少要过半年后再受孕，这样让子宫内环境有一个完全恢复的过程，并为下一次提供良好的条件。注意事项3：不要在炎热和严寒的季节受孕——因为怀孕早期，正是胎儿的大脑皮质出步形成的阶段。酷暑高温，孕妇反应中，食欲不佳，蛋白质及各种营养摄入量减少，机体消耗量大，会影响胎儿大脑的发育。另外，严寒季节孕妇多在室内活动，新鲜空气少，接触呼吸道疾病的机会增多，容易感冒而损害胎儿。"	
					},
					{   "img":"25.jpg",
						"title":"婴儿发烧怎么办？",
						"content":"婴儿发烧怎么办？不要在患病期间受孕——疾病会影响体质、受精卵的质量、宫内者床环境。患病期间服用的药物也可能对精子和卵子产生不利影响。因此，夫妇双方有人患急性病，需等体质康复停药并征得医生同意后再考虑受孕为宜.注意事项2：不要在早产、流产和摘除葡萄胎后立刻受孕——妇女在早产、流产后，子宫内膜创伤，机体的平衡被突然打破，子宫等器官一时尚不能恢复正常，立即受孕容易再度流产而形成习惯性流产。所以首次流产或早产后，为使子宫等各个器官组织得到充分的休息，恢复应有功能，至少要过半年后再受孕，这样让子宫内环境有一个完全恢复的过程，并为下一次提供良好的条件。注意事项3：不要在炎热和严寒的季节受孕——因为怀孕早期，正是胎儿的大脑皮质出步形成的阶段。酷暑高温，孕妇反应中，食欲不佳，蛋白质及各种营养摄入量减少，机体消耗量大，会影响胎儿大脑的发育。另外，严寒季节孕妇多在室内活动，新鲜空气少，接触呼吸道疾病的机会增多，容易感冒而损害胎儿。"	
					},
					{   "img":"26.jpg",
						"title":"婴儿喂养",
						"content":"：婴儿喂养不要在患病期间受孕——疾病会影响体质、受精卵的质量、宫内者床环境。患病期间服用的药物也可能对精子和卵子产生不利影响。因此，夫妇双方有人患急性病，需等体质康复停药并征得医生同意后再考虑受孕为宜.注意事项2：不要在早产、流产和摘除葡萄胎后立刻受孕——妇女在早产、流产后，子宫内膜创伤，机体的平衡被突然打破，子宫等器官一时尚不能恢复正常，立即受孕容易再度流产而形成习惯性流产。所以首次流产或早产后，为使子宫等各个器官组织得到充分的休息，恢复应有功能，至少要过半年后再受孕，这样让子宫内环境有一个完全恢复的过程，并为下一次提供良好的条件。注意事项3：不要在炎热和严寒的季节受孕——因为怀孕早期，正是胎儿的大脑皮质出步形成的阶段。酷暑高温，孕妇反应中，食欲不佳，蛋白质及各种营养摄入量减少，机体消耗量大，会影响胎儿大脑的发育。另外，严寒季节孕妇多在室内活动，新鲜空气少，接触呼吸道疾病的机会增多，容易感冒而损害胎儿。"	
					},
					{   "img":"27.jpg",
						"title":"营养均衡促进宝宝大脑发育",
						"content":"营养均衡促进宝宝大脑发育：不要在患病期间受孕——疾病会影响体质、受精卵的质量、宫内者床环境。患病期间服用的药物也可能对精子和卵子产生不利影响。因此，夫妇双方有人患急性病，需等体质康复停药并征得医生同意后再考虑受孕为宜.注意事项2：不要在早产、流产和摘除葡萄胎后立刻受孕——妇女在早产、流产后，子宫内膜创伤，机体的平衡被突然打破，子宫等器官一时尚不能恢复正常，立即受孕容易再度流产而形成习惯性流产。所以首次流产或早产后，为使子宫等各个器官组织得到充分的休息，恢复应有功能，至少要过半年后再受孕，这样让子宫内环境有一个完全恢复的过程，并为下一次提供良好的条件。注意事项3：不要在炎热和严寒的季节受孕——因为怀孕早期，正是胎儿的大脑皮质出步形成的阶段。酷暑高温，孕妇反应中，食欲不佳，蛋白质及各种营养摄入量减少，机体消耗量大，会影响胎儿大脑的发育。另外，严寒季节孕妇多在室内活动，新鲜空气少，接触呼吸道疾病的机会增多，容易感冒而损害胎儿。"	
					},
					{   "img":"28.jpg",
						"title":"9个月宝宝的健康补钙食谱",
						"content":"9个月宝宝的健康补钙食谱：不要在患病期间受孕——疾病会影响体质、受精卵的质量、宫内者床环境。患病期间服用的药物也可能对精子和卵子产生不利影响。因此，夫妇双方有人患急性病，需等体质康复停药并征得医生同意后再考虑受孕为宜.注意事项2：不要在早产、流产和摘除葡萄胎后立刻受孕——妇女在早产、流产后，子宫内膜创伤，机体的平衡被突然打破，子宫等器官一时尚不能恢复正常，立即受孕容易再度流产而形成习惯性流产。所以首次流产或早产后，为使子宫等各个器官组织得到充分的休息，恢复应有功能，至少要过半年后再受孕，这样让子宫内环境有一个完全恢复的过程，并为下一次提供良好的条件。注意事项3：不要在炎热和严寒的季节受孕——因为怀孕早期，正是胎儿的大脑皮质出步形成的阶段。酷暑高温，孕妇反应中，食欲不佳，蛋白质及各种营养摄入量减少，机体消耗量大，会影响胎儿大脑的发育。另外，严寒季节孕妇多在室内活动，新鲜空气少，接触呼吸道疾病的机会增多，容易感冒而损害胎儿。"	
					},
					{   "img":"29.jpg",
						"title":"发怒的妈妈千万莫喂奶",
						"content":"注意事项1：不要在患病期间受孕——疾病会影响体质、受精卵的质量、宫内者床环境。患病期间服用的药物也可能对精子和卵子产生不利影响。因此，夫妇双方有人患急性病，需等体质康复停药并征得医生同意后再考虑受孕为宜.注意事项2：不要在早产、流产和摘除葡萄胎后立刻受孕——妇女在早产、流产后，子宫内膜创伤，机体的平衡被突然打破，子宫等器官一时尚不能恢复正常，立即受孕容易再度流产而形成习惯性流产。所以首次流产或早产后，为使子宫等各个器官组织得到充分的休息，恢复应有功能，至少要过半年后再受孕，这样让子宫内环境有一个完全恢复的过程，并为下一次提供良好的条件。注意事项3：不要在炎热和严寒的季节受孕——因为怀孕早期，正是胎儿的大脑皮质出步形成的阶段。酷暑高温，孕妇反应中，食欲不佳，蛋白质及各种营养摄入量减少，机体消耗量大，会影响胎儿大脑的发育。另外，严寒季节孕妇多在室内活动，新鲜空气少，接触呼吸道疾病的机会增多，容易感冒而损害胎儿。"	
					},
					{   "img":"30.jpg",
						"title":"让宝宝在家游泳可减少染",
						"content":"注意事项1：不要在患病期间受孕——疾病会影响体质、受精卵的质量、宫内者床环境。患病期间服用的药物也可能对精子和卵子产生不利影响。因此，夫妇双方有人患急性病，需等体质康复停药并征得医生同意后再考虑受孕为宜.注意事项2：不要在早产、流产和摘除葡萄胎后立刻受孕——妇女在早产、流产后，子宫内膜创伤，机体的平衡被突然打破，子宫等器官一时尚不能恢复正常，立即受孕容易再度流产而形成习惯性流产。所以首次流产或早产后，为使子宫等各个器官组织得到充分的休息，恢复应有功能，至少要过半年后再受孕，这样让子宫内环境有一个完全恢复的过程，并为下一次提供良好的条件。注意事项3：不要在炎热和严寒的季节受孕——因为怀孕早期，正是胎儿的大脑皮质出步形成的阶段。酷暑高温，孕妇反应中，食欲不佳，蛋白质及各种营养摄入量减少，机体消耗量大，会影响胎儿大脑的发育。另外，严寒季节孕妇多在室内活动，新鲜空气少，接触呼吸道疾病的机会增多，容易感冒而损害胎儿。"	
					},
					{   "img":"31.jpg",
						"title":"婴儿腹泻怎么办？",
						"content":"注意事项1：不要在患病期间受孕——疾病会影响体质、受精卵的质量、宫内者床环境。患病期间服用的药物也可能对精子和卵子产生不利影响。因此，夫妇双方有人患急性病，需等体质康复停药并征得医生同意后再考虑受孕为宜.注意事项2：不要在早产、流产和摘除葡萄胎后立刻受孕——妇女在早产、流产后，子宫内膜创伤，机体的平衡被突然打破，子宫等器官一时尚不能恢复正常，立即受孕容易再度流产而形成习惯性流产。所以首次流产或早产后，为使子宫等各个器官组织得到充分的休息，恢复应有功能，至少要过半年后再受孕，这样让子宫内环境有一个完全恢复的过程，并为下一次提供良好的条件。注意事项3：不要在炎热和严寒的季节受孕——因为怀孕早期，正是胎儿的大脑皮质出步形成的阶段。酷暑高温，孕妇反应中，食欲不佳，蛋白质及各种营养摄入量减少，机体消耗量大，会影响胎儿大脑的发育。另外，严寒季节孕妇多在室内活动，新鲜空气少，接触呼吸道疾病的机会增多，容易感冒而损害胎儿。"	
					},
					{   "img":"32.jpg",
						"title":"专家指导。如何帮宝宝断奶",
						"content":"注意事项1：不要在患病期间受孕——疾病会影响体质、受精卵的质量、宫内者床环境。患病期间服用的药物也可能对精子和卵子产生不利影响。因此，夫妇双方有人患急性病，需等体质康复停药并征得医生同意后再考虑受孕为宜.注意事项2：不要在早产、流产和摘除葡萄胎后立刻受孕——妇女在早产、流产后，子宫内膜创伤，机体的平衡被突然打破，子宫等器官一时尚不能恢复正常，立即受孕容易再度流产而形成习惯性流产。所以首次流产或早产后，为使子宫等各个器官组织得到充分的休息，恢复应有功能，至少要过半年后再受孕，这样让子宫内环境有一个完全恢复的过程，并为下一次提供良好的条件。注意事项3：不要在炎热和严寒的季节受孕——因为怀孕早期，正是胎儿的大脑皮质出步形成的阶段。酷暑高温，孕妇反应中，食欲不佳，蛋白质及各种营养摄入量减少，机体消耗量大，会影响胎儿大脑的发育。另外，严寒季节孕妇多在室内活动，新鲜空气少，接触呼吸道疾病的机会增多，容易感冒而损害胎儿。"	
					},
					{   "img":"33.jpg",
						"title":"准妈妈营养过剩可致宝宝",
						"content":"注意事项1：不要在患病期间受孕——疾病会影响体质、受精卵的质量、宫内者床环境。患病期间服用的药物也可能对精子和卵子产生不利影响。因此，夫妇双方有人患急性病，需等体质康复停药并征得医生同意后再考虑受孕为宜.注意事项2：不要在早产、流产和摘除葡萄胎后立刻受孕——妇女在早产、流产后，子宫内膜创伤，机体的平衡被突然打破，子宫等器官一时尚不能恢复正常，立即受孕容易再度流产而形成习惯性流产。所以首次流产或早产后，为使子宫等各个器官组织得到充分的休息，恢复应有功能，至少要过半年后再受孕，这样让子宫内环境有一个完全恢复的过程，并为下一次提供良好的条件。注意事项3：不要在炎热和严寒的季节受孕——因为怀孕早期，正是胎儿的大脑皮质出步形成的阶段。酷暑高温，孕妇反应中，食欲不佳，蛋白质及各种营养摄入量减少，机体消耗量大，会影响胎儿大脑的发育。另外，严寒季节孕妇多在室内活动，新鲜空气少，接触呼吸道疾病的机会增多，容易感冒而损害胎儿。"	
					},
					{   "img":"34.jpg",
						"title":"警惕影响宝宝健康的8种",
						"content":"注意事项1：不要在患病期间受孕——疾病会影响体质、受精卵的质量、宫内者床环境。患病期间服用的药物也可能对精子和卵子产生不利影响。因此，夫妇双方有人患急性病，需等体质康复停药并征得医生同意后再考虑受孕为宜.注意事项2：不要在早产、流产和摘除葡萄胎后立刻受孕——妇女在早产、流产后，子宫内膜创伤，机体的平衡被突然打破，子宫等器官一时尚不能恢复正常，立即受孕容易再度流产而形成习惯性流产。所以首次流产或早产后，为使子宫等各个器官组织得到充分的休息，恢复应有功能，至少要过半年后再受孕，这样让子宫内环境有一个完全恢复的过程，并为下一次提供良好的条件。注意事项3：不要在炎热和严寒的季节受孕——因为怀孕早期，正是胎儿的大脑皮质出步形成的阶段。酷暑高温，孕妇反应中，食欲不佳，蛋白质及各种营养摄入量减少，机体消耗量大，会影响胎儿大脑的发育。另外，严寒季节孕妇多在室内活动，新鲜空气少，接触呼吸道疾病的机会增多，容易感冒而损害胎儿。"	
					},
					{   "img":"35.jpg",
						"title":"七月宝宝的健康食谱",
						"content":"注意事项1：不要在患病期间受孕——疾病会影响体质、受精卵的质量、宫内者床环境。患病期间服用的药物也可能对精子和卵子产生不利影响。因此，夫妇双方有人患急性病，需等体质康复停药并征得医生同意后再考虑受孕为宜.注意事项2：不要在早产、流产和摘除葡萄胎后立刻受孕——妇女在早产、流产后，子宫内膜创伤，机体的平衡被突然打破，子宫等器官一时尚不能恢复正常，立即受孕容易再度流产而形成习惯性流产。所以首次流产或早产后，为使子宫等各个器官组织得到充分的休息，恢复应有功能，至少要过半年后再受孕，这样让子宫内环境有一个完全恢复的过程，并为下一次提供良好的条件。注意事项3：不要在炎热和严寒的季节受孕——因为怀孕早期，正是胎儿的大脑皮质出步形成的阶段。酷暑高温，孕妇反应中，食欲不佳，蛋白质及各种营养摄入量减少，机体消耗量大，会影响胎儿大脑的发育。另外，严寒季节孕妇多在室内活动，新鲜空气少，接触呼吸道疾病的机会增多，容易感冒而损害胎儿。"	
					}	
				]		
			},
		"ch":{
				"home_title":"分娩产后",
				"fenlei":[
					{   "img":"36.jpg",
						"title":"八个月宝宝营养铺食食谱",
						"content":"注意事项1：不要在患病期间受孕——疾病会影响体质、受精卵的质量、宫内者床环境。患病期间服用的药物也可能对精子和卵子产生不利影响。因此，夫妇双方有人患急性病，需等体质康复停药并征得医生同意后再考虑受孕为宜.注意事项2：不要在早产、流产和摘除葡萄胎后立刻受孕——妇女在早产、流产后，子宫内膜创伤，机体的平衡被突然打破，子宫等器官一时尚不能恢复正常，立即受孕容易再度流产而形成习惯性流产。所以首次流产或早产后，为使子宫等各个器官组织得到充分的休息，恢复应有功能，至少要过半年后再受孕，这样让子宫内环境有一个完全恢复的过程，并为下一次提供良好的条件。注意事项3：不要在炎热和严寒的季节受孕——因为怀孕早期，正是胎儿的大脑皮质出步形成的阶段。酷暑高温，孕妇反应中，食欲不佳，蛋白质及各种营养摄入量减少，机体消耗量大，会影响胎儿大脑的发育。另外，严寒季节孕妇多在室内活动，新鲜空气少，接触呼吸道疾病的机会增多，容易感冒而损害胎儿。"	
					},
					{   "img":"37.jpg",
						"title":"幼儿贫血吃什么食物好",
						"content":"注意事项1：不要在患病期间受孕——疾病会影响体质、受精卵的质量、宫内者床环境。患病期间服用的药物也可能对精子和卵子产生不利影响。因此，夫妇双方有人患急性病，需等体质康复停药并征得医生同意后再考虑受孕为宜.注意事项2：不要在早产、流产和摘除葡萄胎后立刻受孕——妇女在早产、流产后，子宫内膜创伤，机体的平衡被突然打破，子宫等器官一时尚不能恢复正常，立即受孕容易再度流产而形成习惯性流产。所以首次流产或早产后，为使子宫等各个器官组织得到充分的休息，恢复应有功能，至少要过半年后再受孕，这样让子宫内环境有一个完全恢复的过程，并为下一次提供良好的条件。注意事项3：不要在炎热和严寒的季节受孕——因为怀孕早期，正是胎儿的大脑皮质出步形成的阶段。酷暑高温，孕妇反应中，食欲不佳，蛋白质及各种营养摄入量减少，机体消耗量大，会影响胎儿大脑的发育。另外，严寒季节孕妇多在室内活动，新鲜空气少，接触呼吸道疾病的机会增多，容易感冒而损害胎儿。"	
					},
					{   "img":"38.jpg",
						"title":"9个月宝宝食谱怎么弄",
						"content":"注意事项1：不要在患病期间受孕——疾病会影响体质、受精卵的质量、宫内者床环境。患病期间服用的药物也可能对精子和卵子产生不利影响。因此，夫妇双方有人患急性病，需等体质康复停药并征得医生同意后再考虑受孕为宜.注意事项2：不要在早产、流产和摘除葡萄胎后立刻受孕——妇女在早产、流产后，子宫内膜创伤，机体的平衡被突然打破，子宫等器官一时尚不能恢复正常，立即受孕容易再度流产而形成习惯性流产。所以首次流产或早产后，为使子宫等各个器官组织得到充分的休息，恢复应有功能，至少要过半年后再受孕，这样让子宫内环境有一个完全恢复的过程，并为下一次提供良好的条件。注意事项3：不要在炎热和严寒的季节受孕——因为怀孕早期，正是胎儿的大脑皮质出步形成的阶段。酷暑高温，孕妇反应中，食欲不佳，蛋白质及各种营养摄入量减少，机体消耗量大，会影响胎儿大脑的发育。另外，严寒季节孕妇多在室内活动，新鲜空气少，接触呼吸道疾病的机会增多，容易感冒而损害胎儿。"	
					},
					{   "img":"39.jpg",
						"title":"为什么有的小儿晚上睡觉",
						"content":"注意事项1：不要在患病期间受孕——疾病会影响体质、受精卵的质量、宫内者床环境。患病期间服用的药物也可能对精子和卵子产生不利影响。因此，夫妇双方有人患急性病，需等体质康复停药并征得医生同意后再考虑受孕为宜.注意事项2：不要在早产、流产和摘除葡萄胎后立刻受孕——妇女在早产、流产后，子宫内膜创伤，机体的平衡被突然打破，子宫等器官一时尚不能恢复正常，立即受孕容易再度流产而形成习惯性流产。所以首次流产或早产后，为使子宫等各个器官组织得到充分的休息，恢复应有功能，至少要过半年后再受孕，这样让子宫内环境有一个完全恢复的过程，并为下一次提供良好的条件。注意事项3：不要在炎热和严寒的季节受孕——因为怀孕早期，正是胎儿的大脑皮质出步形成的阶段。酷暑高温，孕妇反应中，食欲不佳，蛋白质及各种营养摄入量减少，机体消耗量大，会影响胎儿大脑的发育。另外，严寒季节孕妇多在室内活动，新鲜空气少，接触呼吸道疾病的机会增多，容易感冒而损害胎儿。"	
					},
					{   "img":"40.jpg",
						"title":"一至一岁半宝宝的食谱",
						"content":"注意事项1：不要在患病期间受孕——疾病会影响体质、受精卵的质量、宫内者床环境。患病期间服用的药物也可能对精子和卵子产生不利影响。因此，夫妇双方有人患急性病，需等体质康复停药并征得医生同意后再考虑受孕为宜.注意事项2：不要在早产、流产和摘除葡萄胎后立刻受孕——妇女在早产、流产后，子宫内膜创伤，机体的平衡被突然打破，子宫等器官一时尚不能恢复正常，立即受孕容易再度流产而形成习惯性流产。所以首次流产或早产后，为使子宫等各个器官组织得到充分的休息，恢复应有功能，至少要过半年后再受孕，这样让子宫内环境有一个完全恢复的过程，并为下一次提供良好的条件。注意事项3：不要在炎热和严寒的季节受孕——因为怀孕早期，正是胎儿的大脑皮质出步形成的阶段。酷暑高温，孕妇反应中，食欲不佳，蛋白质及各种营养摄入量减少，机体消耗量大，会影响胎儿大脑的发育。另外，严寒季节孕妇多在室内活动，新鲜空气少，接触呼吸道疾病的机会增多，容易感冒而损害胎儿。"	
					},
					{   "img":"41.jpg",
						"title":"给儿童饮料分级",
						"content":"注意事项1：不要在患病期间受孕——疾病会影响体质、受精卵的质量、宫内者床环境。患病期间服用的药物也可能对精子和卵子产生不利影响。因此，夫妇双方有人患急性病，需等体质康复停药并征得医生同意后再考虑受孕为宜.注意事项2：不要在早产、流产和摘除葡萄胎后立刻受孕——妇女在早产、流产后，子宫内膜创伤，机体的平衡被突然打破，子宫等器官一时尚不能恢复正常，立即受孕容易再度流产而形成习惯性流产。所以首次流产或早产后，为使子宫等各个器官组织得到充分的休息，恢复应有功能，至少要过半年后再受孕，这样让子宫内环境有一个完全恢复的过程，并为下一次提供良好的条件。注意事项3：不要在炎热和严寒的季节受孕——因为怀孕早期，正是胎儿的大脑皮质出步形成的阶段。酷暑高温，孕妇反应中，食欲不佳，蛋白质及各种营养摄入量减少，机体消耗量大，会影响胎儿大脑的发育。另外，严寒季节孕妇多在室内活动，新鲜空气少，接触呼吸道疾病的机会增多，容易感冒而损害胎儿。"	
					},
					{   "img":"42.jpg",
						"title":"教宝宝学会讲故事",
						"content":"注意事项1：不要在患病期间受孕——疾病会影响体质、受精卵的质量、宫内者床环境。患病期间服用的药物也可能对精子和卵子产生不利影响。因此，夫妇双方有人患急性病，需等体质康复停药并征得医生同意后再考虑受孕为宜.注意事项2：不要在早产、流产和摘除葡萄胎后立刻受孕——妇女在早产、流产后，子宫内膜创伤，机体的平衡被突然打破，子宫等器官一时尚不能恢复正常，立即受孕容易再度流产而形成习惯性流产。所以首次流产或早产后，为使子宫等各个器官组织得到充分的休息，恢复应有功能，至少要过半年后再受孕，这样让子宫内环境有一个完全恢复的过程，并为下一次提供良好的条件。注意事项3：不要在炎热和严寒的季节受孕——因为怀孕早期，正是胎儿的大脑皮质出步形成的阶段。酷暑高温，孕妇反应中，食欲不佳，蛋白质及各种营养摄入量减少，机体消耗量大，会影响胎儿大脑的发育。另外，严寒季节孕妇多在室内活动，新鲜空气少，接触呼吸道疾病的机会增多，容易感冒而损害胎儿。"	
					},
					{   "img":"43.jpg",
						"title":"孩子发烧时怎样物理降温",
						"content":"注意事项1：不要在患病期间受孕——疾病会影响体质、受精卵的质量、宫内者床环境。患病期间服用的药物也可能对精子和卵子产生不利影响。因此，夫妇双方有人患急性病，需等体质康复停药并征得医生同意后再考虑受孕为宜.注意事项2：不要在早产、流产和摘除葡萄胎后立刻受孕——妇女在早产、流产后，子宫内膜创伤，机体的平衡被突然打破，子宫等器官一时尚不能恢复正常，立即受孕容易再度流产而形成习惯性流产。所以首次流产或早产后，为使子宫等各个器官组织得到充分的休息，恢复应有功能，至少要过半年后再受孕，这样让子宫内环境有一个完全恢复的过程，并为下一次提供良好的条件。注意事项3：不要在炎热和严寒的季节受孕——因为怀孕早期，正是胎儿的大脑皮质出步形成的阶段。酷暑高温，孕妇反应中，食欲不佳，蛋白质及各种营养摄入量减少，机体消耗量大，会影响胎儿大脑的发育。另外，严寒季节孕妇多在室内活动，新鲜空气少，接触呼吸道疾病的机会增多，容易感冒而损害胎儿。"	
					},
					{   "img":"44.jpg",
						"title":"八招养出健康宝宝",
						"content":"注意事项1：不要在患病期间受孕——疾病会影响体质、受精卵的质量、宫内者床环境。患病期间服用的药物也可能对精子和卵子产生不利影响。因此，夫妇双方有人患急性病，需等体质康复停药并征得医生同意后再考虑受孕为宜.注意事项2：不要在早产、流产和摘除葡萄胎后立刻受孕——妇女在早产、流产后，子宫内膜创伤，机体的平衡被突然打破，子宫等器官一时尚不能恢复正常，立即受孕容易再度流产而形成习惯性流产。所以首次流产或早产后，为使子宫等各个器官组织得到充分的休息，恢复应有功能，至少要过半年后再受孕，这样让子宫内环境有一个完全恢复的过程，并为下一次提供良好的条件。注意事项3：不要在炎热和严寒的季节受孕——因为怀孕早期，正是胎儿的大脑皮质出步形成的阶段。酷暑高温，孕妇反应中，食欲不佳，蛋白质及各种营养摄入量减少，机体消耗量大，会影响胎儿大脑的发育。另外，严寒季节孕妇多在室内活动，新鲜空气少，接触呼吸道疾病的机会增多，容易感冒而损害胎儿。"	
					},
					{  "img":"45.jpg",
						"title":"小儿多吃猪肝好吗",
						"content":"注意事项1：不要在患病期间受孕——疾病会影响体质、受精卵的质量、宫内者床环境。患病期间服用的药物也可能对精子和卵子产生不利影响。因此，夫妇双方有人患急性病，需等体质康复停药并征得医生同意后再考虑受孕为宜.注意事项2：不要在早产、流产和摘除葡萄胎后立刻受孕——妇女在早产、流产后，子宫内膜创伤，机体的平衡被突然打破，子宫等器官一时尚不能恢复正常，立即受孕容易再度流产而形成习惯性流产。所以首次流产或早产后，为使子宫等各个器官组织得到充分的休息，恢复应有功能，至少要过半年后再受孕，这样让子宫内环境有一个完全恢复的过程，并为下一次提供良好的条件。注意事项3：不要在炎热和严寒的季节受孕——因为怀孕早期，正是胎儿的大脑皮质出步形成的阶段。酷暑高温，孕妇反应中，食欲不佳，蛋白质及各种营养摄入量减少，机体消耗量大，会影响胎儿大脑的发育。另外，严寒季节孕妇多在室内活动，新鲜空气少，接触呼吸道疾病的机会增多，容易感冒而损害胎儿。"	
					}	
				]		
			},
		"cz":{
				"home_title":"幼儿成长指标",
				"fenlei":[
					{   "img":"46.jpg",
						"title":"产后皮肤松弛如何应对",
						"content":"注意事项1：不要在患病期间受孕——疾病会影响体质、受精卵的质量、宫内者床环境。患病期间服用的药物也可能对精子和卵子产生不利影响。因此，夫妇双方有人患急性病，需等体质康复停药并征得医生同意后再考虑受孕为宜.注意事项2：不要在早产、流产和摘除葡萄胎后立刻受孕——妇女在早产、流产后，子宫内膜创伤，机体的平衡被突然打破，子宫等器官一时尚不能恢复正常，立即受孕容易再度流产而形成习惯性流产。所以首次流产或早产后，为使子宫等各个器官组织得到充分的休息，恢复应有功能，至少要过半年后再受孕，这样让子宫内环境有一个完全恢复的过程，并为下一次提供良好的条件。注意事项3：不要在炎热和严寒的季节受孕——因为怀孕早期，正是胎儿的大脑皮质出步形成的阶段。酷暑高温，孕妇反应中，食欲不佳，蛋白质及各种营养摄入量减少，机体消耗量大，会影响胎儿大脑的发育。另外，严寒季节孕妇多在室内活动，新鲜空气少，接触呼吸道疾病的机会增多，容易感冒而损害胎儿。"	
					},
					{   "img":"47.jpg",
						"title":"产后肌肤问题的修复方法",
						"content":"注意事项1：不要在患病期间受孕——疾病会影响体质、受精卵的质量、宫内者床环境。患病期间服用的药物也可能对精子和卵子产生不利影响。因此，夫妇双方有人患急性病，需等体质康复停药并征得医生同意后再考虑受孕为宜.注意事项2：不要在早产、流产和摘除葡萄胎后立刻受孕——妇女在早产、流产后，子宫内膜创伤，机体的平衡被突然打破，子宫等器官一时尚不能恢复正常，立即受孕容易再度流产而形成习惯性流产。所以首次流产或早产后，为使子宫等各个器官组织得到充分的休息，恢复应有功能，至少要过半年后再受孕，这样让子宫内环境有一个完全恢复的过程，并为下一次提供良好的条件。注意事项3：不要在炎热和严寒的季节受孕——因为怀孕早期，正是胎儿的大脑皮质出步形成的阶段。酷暑高温，孕妇反应中，食欲不佳，蛋白质及各种营养摄入量减少，机体消耗量大，会影响胎儿大脑的发育。另外，严寒季节孕妇多在室内活动，新鲜空气少，接触呼吸道疾病的机会增多，容易感冒而损害胎儿。"	
					}, 
					{   "img":"48.jpg",
						"title":"产后如何护理干燥皮肤",
						"content":"注意事项1：不要在患病期间受孕——疾病会影响体质、受精卵的质量、宫内者床环境。患病期间服用的药物也可能对精子和卵子产生不利影响。因此，夫妇双方有人患急性病，需等体质康复停药并征得医生同意后再考虑受孕为宜.注意事项2：不要在早产、流产和摘除葡萄胎后立刻受孕——妇女在早产、流产后，子宫内膜创伤，机体的平衡被突然打破，子宫等器官一时尚不能恢复正常，立即受孕容易再度流产而形成习惯性流产。所以首次流产或早产后，为使子宫等各个器官组织得到充分的休息，恢复应有功能，至少要过半年后再受孕，这样让子宫内环境有一个完全恢复的过程，并为下一次提供良好的条件。注意事项3：不要在炎热和严寒的季节受孕——因为怀孕早期，正是胎儿的大脑皮质出步形成的阶段。酷暑高温，孕妇反应中，食欲不佳，蛋白质及各种营养摄入量减少，机体消耗量大，会影响胎儿大脑的发育。另外，严寒季节孕妇多在室内活动，新鲜空气少，接触呼吸道疾病的机会增多，容易感冒而损害胎儿。"	
					},
					{   "img":"49.jpg",
						"title":"产妇如何做好产后皮肤护理",
						"content":"注意事项1：不要在患病期间受孕——疾病会影响体质、受精卵的质量、宫内者床环境。患病期间服用的药物也可能对精子和卵子产生不利影响。因此，夫妇双方有人患急性病，需等体质康复停药并征得医生同意后再考虑受孕为宜.注意事项2：不要在早产、流产和摘除葡萄胎后立刻受孕——妇女在早产、流产后，子宫内膜创伤，机体的平衡被突然打破，子宫等器官一时尚不能恢复正常，立即受孕容易再度流产而形成习惯性流产。所以首次流产或早产后，为使子宫等各个器官组织得到充分的休息，恢复应有功能，至少要过半年后再受孕，这样让子宫内环境有一个完全恢复的过程，并为下一次提供良好的条件。注意事项3：不要在炎热和严寒的季节受孕——因为怀孕早期，正是胎儿的大脑皮质出步形成的阶段。酷暑高温，孕妇反应中，食欲不佳，蛋白质及各种营养摄入量减少，机体消耗量大，会影响胎儿大脑的发育。另外，严寒季节孕妇多在室内活动，新鲜空气少，接触呼吸道疾病的机会增多，容易感冒而损害胎儿。"	
					},
					{   "img":"50.jpg",
						"title":"看看新妈妈们独家塑身妙招",
						"content":"注意事项1：不要在患病期间受孕——疾病会影响体质、受精卵的质量、宫内者床环境。患病期间服用的药物也可能对精子和卵子产生不利影响。因此，夫妇双方有人患急性病，需等体质康复停药并征得医生同意后再考虑受孕为宜.注意事项2：不要在早产、流产和摘除葡萄胎后立刻受孕——妇女在早产、流产后，子宫内膜创伤，机体的平衡被突然打破，子宫等器官一时尚不能恢复正常，立即受孕容易再度流产而形成习惯性流产。所以首次流产或早产后，为使子宫等各个器官组织得到充分的休息，恢复应有功能，至少要过半年后再受孕，这样让子宫内环境有一个完全恢复的过程，并为下一次提供良好的条件。注意事项3：不要在炎热和严寒的季节受孕——因为怀孕早期，正是胎儿的大脑皮质出步形成的阶段。酷暑高温，孕妇反应中，食欲不佳，蛋白质及各种营养摄入量减少，机体消耗量大，会影响胎儿大脑的发育。另外，严寒季节孕妇多在室内活动，新鲜空气少，接触呼吸道疾病的机会增多，容易感冒而损害胎儿。"	
					},
					{   "img":"51.jpg",
						"title":"新妈妈产后恢复要解决的问题",
						"content":"注意事项1：不要在患病期间受孕——疾病会影响体质、受精卵的质量、宫内者床环境。患病期间服用的药物也可能对精子和卵子产生不利影响。因此，夫妇双方有人患急性病，需等体质康复停药并征得医生同意后再考虑受孕为宜.注意事项2：不要在早产、流产和摘除葡萄胎后立刻受孕——妇女在早产、流产后，子宫内膜创伤，机体的平衡被突然打破，子宫等器官一时尚不能恢复正常，立即受孕容易再度流产而形成习惯性流产。所以首次流产或早产后，为使子宫等各个器官组织得到充分的休息，恢复应有功能，至少要过半年后再受孕，这样让子宫内环境有一个完全恢复的过程，并为下一次提供良好的条件。注意事项3：不要在炎热和严寒的季节受孕——因为怀孕早期，正是胎儿的大脑皮质出步形成的阶段。酷暑高温，孕妇反应中，食欲不佳，蛋白质及各种营养摄入量减少，机体消耗量大，会影响胎儿大脑的发育。另外，严寒季节孕妇多在室内活动，新鲜空气少，接触呼吸道疾病的机会增多，容易感冒而损害胎儿。"	
					},
					{   "img":"52.jpg",
						"title":"产后收腹瑜伽如何帮你忙",
						"content":"注意事项1：不要在患病期间受孕——疾病会影响体质、受精卵的质量、宫内者床环境。患病期间服用的药物也可能对精子和卵子产生不利影响。因此，夫妇双方有人患急性病，需等体质康复停药并征得医生同意后再考虑受孕为宜.注意事项2：不要在早产、流产和摘除葡萄胎后立刻受孕——妇女在早产、流产后，子宫内膜创伤，机体的平衡被突然打破，子宫等器官一时尚不能恢复正常，立即受孕容易再度流产而形成习惯性流产。所以首次流产或早产后，为使子宫等各个器官组织得到充分的休息，恢复应有功能，至少要过半年后再受孕，这样让子宫内环境有一个完全恢复的过程，并为下一次提供良好的条件。注意事项3：不要在炎热和严寒的季节受孕——因为怀孕早期，正是胎儿的大脑皮质出步形成的阶段。酷暑高温，孕妇反应中，食欲不佳，蛋白质及各种营养摄入量减少，机体消耗量大，会影响胎儿大脑的发育。另外，严寒季节孕妇多在室内活动，新鲜空气少，接触呼吸道疾病的机会增多，容易感冒而损害胎儿。"	
					}, 
					{   "img":"53.jpg",
						"title":"新妈妈们产后让你恢复",
						"content":"注意事项1：不要在患病期间受孕——疾病会影响体质、受精卵的质量、宫内者床环境。患病期间服用的药物也可能对精子和卵子产生不利影响。因此，夫妇双方有人患急性病，需等体质康复停药并征得医生同意后再考虑受孕为宜.注意事项2：不要在早产、流产和摘除葡萄胎后立刻受孕——妇女在早产、流产后，子宫内膜创伤，机体的平衡被突然打破，子宫等器官一时尚不能恢复正常，立即受孕容易再度流产而形成习惯性流产。所以首次流产或早产后，为使子宫等各个器官组织得到充分的休息，恢复应有功能，至少要过半年后再受孕，这样让子宫内环境有一个完全恢复的过程，并为下一次提供良好的条件。注意事项3：不要在炎热和严寒的季节受孕——因为怀孕早期，正是胎儿的大脑皮质出步形成的阶段。酷暑高温，孕妇反应中，食欲不佳，蛋白质及各种营养摄入量减少，机体消耗量大，会影响胎儿大脑的发育。另外，严寒季节孕妇多在室内活动，新鲜空气少，接触呼吸道疾病的机会增多，容易感冒而损害胎儿。"	
					},
					{   "img":"54.jpg",
						"title":"产后怎样恢复完美身材",
						"content":"注意事项1：不要在患病期间受孕——疾病会影响体质、受精卵的质量、宫内者床环境。患病期间服用的药物也可能对精子和卵子产生不利影响。因此，夫妇双方有人患急性病，需等体质康复停药并征得医生同意后再考虑受孕为宜.注意事项2：不要在早产、流产和摘除葡萄胎后立刻受孕——妇女在早产、流产后，子宫内膜创伤，机体的平衡被突然打破，子宫等器官一时尚不能恢复正常，立即受孕容易再度流产而形成习惯性流产。所以首次流产或早产后，为使子宫等各个器官组织得到充分的休息，恢复应有功能，至少要过半年后再受孕，这样让子宫内环境有一个完全恢复的过程，并为下一次提供良好的条件。注意事项3：不要在炎热和严寒的季节受孕——因为怀孕早期，正是胎儿的大脑皮质出步形成的阶段。酷暑高温，孕妇反应中，食欲不佳，蛋白质及各种营养摄入量减少，机体消耗量大，会影响胎儿大脑的发育。另外，严寒季节孕妇多在室内活动，新鲜空气少，接触呼吸道疾病的机会增多，容易感冒而损害胎儿。"	
					},
					{   "img":"55.jpg",
						"title":"新妈妈怎么做到减腰不减",
						"content":"注意事项1：不要在患病期间受孕——疾病会影响体质、受精卵的质量、宫内者床环境。患病期间服用的药物也可能对精子和卵子产生不利影响。因此，夫妇双方有人患急性病，需等体质康复停药并征得医生同意后再考虑受孕为宜.注意事项2：不要在早产、流产和摘除葡萄胎后立刻受孕——妇女在早产、流产后，子宫内膜创伤，机体的平衡被突然打破，子宫等器官一时尚不能恢复正常，立即受孕容易再度流产而形成习惯性流产。所以首次流产或早产后，为使子宫等各个器官组织得到充分的休息，恢复应有功能，至少要过半年后再受孕，这样让子宫内环境有一个完全恢复的过程，并为下一次提供良好的条件。注意事项3：不要在炎热和严寒的季节受孕——因为怀孕早期，正是胎儿的大脑皮质出步形成的阶段。酷暑高温，孕妇反应中，食欲不佳，蛋白质及各种营养摄入量减少，机体消耗量大，会影响胎儿大脑的发育。另外，严寒季节孕妇多在室内活动，新鲜空气少，接触呼吸道疾病的机会增多，容易感冒而损害胎儿。"	
					},
					{   "img":"56.jpg",
						"title":"产后恢复可练瑜伽",
						"content":"注意事项1：不要在患病期间受孕——疾病会影响体质、受精卵的质量、宫内者床环境。患病期间服用的药物也可能对精子和卵子产生不利影响。因此，夫妇双方有人患急性病，需等体质康复停药并征得医生同意后再考虑受孕为宜.注意事项2：不要在早产、流产和摘除葡萄胎后立刻受孕——妇女在早产、流产后，子宫内膜创伤，机体的平衡被突然打破，子宫等器官一时尚不能恢复正常，立即受孕容易再度流产而形成习惯性流产。所以首次流产或早产后，为使子宫等各个器官组织得到充分的休息，恢复应有功能，至少要过半年后再受孕，这样让子宫内环境有一个完全恢复的过程，并为下一次提供良好的条件。注意事项3：不要在炎热和严寒的季节受孕——因为怀孕早期，正是胎儿的大脑皮质出步形成的阶段。酷暑高温，孕妇反应中，食欲不佳，蛋白质及各种营养摄入量减少，机体消耗量大，会影响胎儿大脑的发育。另外，严寒季节孕妇多在室内活动，新鲜空气少，接触呼吸道疾病的机会增多，容易感冒而损害胎儿。"	
					},
					{   "img":"57.jpg",
						"title":"产后形体恢复有何原则",
						"content":"注意事项1：不要在患病期间受孕——疾病会影响体质、受精卵的质量、宫内者床环境。患病期间服用的药物也可能对精子和卵子产生不利影响。因此，夫妇双方有人患急性病，需等体质康复停药并征得医生同意后再考虑受孕为宜.注意事项2：不要在早产、流产和摘除葡萄胎后立刻受孕——妇女在早产、流产后，子宫内膜创伤，机体的平衡被突然打破，子宫等器官一时尚不能恢复正常，立即受孕容易再度流产而形成习惯性流产。所以首次流产或早产后，为使子宫等各个器官组织得到充分的休息，恢复应有功能，至少要过半年后再受孕，这样让子宫内环境有一个完全恢复的过程，并为下一次提供良好的条件。注意事项3：不要在炎热和严寒的季节受孕——因为怀孕早期，正是胎儿的大脑皮质出步形成的阶段。酷暑高温，孕妇反应中，食欲不佳，蛋白质及各种营养摄入量减少，机体消耗量大，会影响胎儿大脑的发育。另外，严寒季节孕妇多在室内活动，新鲜空气少，接触呼吸道疾病的机会增多，容易感冒而损害胎儿。"	
					}
				]			
			},
        "fz":{
				"home_title":"幼儿常见疾病防治",
				"fenlei":[
					{   "img":"58.jpg",
						"title":"产后皮肤松弛如何应对",
						"content":"注意事项1：不要在患病期间受孕——疾病会影响体质、受精卵的质量、宫内者床环境。患病期间服用的药物也可能对精子和卵子产生不利影响。因此，夫妇双方有人患急性病，需等体质康复停药并征得医生同意后再考虑受孕为宜.注意事项2：不要在早产、流产和摘除葡萄胎后立刻受孕——妇女在早产、流产后，子宫内膜创伤，机体的平衡被突然打破，子宫等器官一时尚不能恢复正常，立即受孕容易再度流产而形成习惯性流产。所以首次流产或早产后，为使子宫等各个器官组织得到充分的休息，恢复应有功能，至少要过半年后再受孕，这样让子宫内环境有一个完全恢复的过程，并为下一次提供良好的条件。注意事项3：不要在炎热和严寒的季节受孕——因为怀孕早期，正是胎儿的大脑皮质出步形成的阶段。酷暑高温，孕妇反应中，食欲不佳，蛋白质及各种营养摄入量减少，机体消耗量大，会影响胎儿大脑的发育。另外，严寒季节孕妇多在室内活动，新鲜空气少，接触呼吸道疾病的机会增多，容易感冒而损害胎儿。"	
					},
					{   "img":"59.jpg",
						"title":"产后肌肤问题的修复方法",
						"content":"注意事项1：不要在患病期间受孕——疾病会影响体质、受精卵的质量、宫内者床环境。患病期间服用的药物也可能对精子和卵子产生不利影响。因此，夫妇双方有人患急性病，需等体质康复停药并征得医生同意后再考虑受孕为宜.注意事项2：不要在早产、流产和摘除葡萄胎后立刻受孕——妇女在早产、流产后，子宫内膜创伤，机体的平衡被突然打破，子宫等器官一时尚不能恢复正常，立即受孕容易再度流产而形成习惯性流产。所以首次流产或早产后，为使子宫等各个器官组织得到充分的休息，恢复应有功能，至少要过半年后再受孕，这样让子宫内环境有一个完全恢复的过程，并为下一次提供良好的条件。注意事项3：不要在炎热和严寒的季节受孕——因为怀孕早期，正是胎儿的大脑皮质出步形成的阶段。酷暑高温，孕妇反应中，食欲不佳，蛋白质及各种营养摄入量减少，机体消耗量大，会影响胎儿大脑的发育。另外，严寒季节孕妇多在室内活动，新鲜空气少，接触呼吸道疾病的机会增多，容易感冒而损害胎儿。"	
					},
					{   "img":"60.jpg",
						"title":"产后如何护理干燥皮肤",
						"content":"注意事项1：不要在患病期间受孕——疾病会影响体质、受精卵的质量、宫内者床环境。患病期间服用的药物也可能对精子和卵子产生不利影响。因此，夫妇双方有人患急性病，需等体质康复停药并征得医生同意后再考虑受孕为宜.注意事项2：不要在早产、流产和摘除葡萄胎后立刻受孕——妇女在早产、流产后，子宫内膜创伤，机体的平衡被突然打破，子宫等器官一时尚不能恢复正常，立即受孕容易再度流产而形成习惯性流产。所以首次流产或早产后，为使子宫等各个器官组织得到充分的休息，恢复应有功能，至少要过半年后再受孕，这样让子宫内环境有一个完全恢复的过程，并为下一次提供良好的条件。注意事项3：不要在炎热和严寒的季节受孕——因为怀孕早期，正是胎儿的大脑皮质出步形成的阶段。酷暑高温，孕妇反应中，食欲不佳，蛋白质及各种营养摄入量减少，机体消耗量大，会影响胎儿大脑的发育。另外，严寒季节孕妇多在室内活动，新鲜空气少，接触呼吸道疾病的机会增多，容易感冒而损害胎儿。"	
					},
					{   "img":"61.jpg",
						"title":"产妇如何做好产后皮肤护理",
						"content":"注意事项1：不要在患病期间受孕——疾病会影响体质、受精卵的质量、宫内者床环境。患病期间服用的药物也可能对精子和卵子产生不利影响。因此，夫妇双方有人患急性病，需等体质康复停药并征得医生同意后再考虑受孕为宜.注意事项2：不要在早产、流产和摘除葡萄胎后立刻受孕——妇女在早产、流产后，子宫内膜创伤，机体的平衡被突然打破，子宫等器官一时尚不能恢复正常，立即受孕容易再度流产而形成习惯性流产。所以首次流产或早产后，为使子宫等各个器官组织得到充分的休息，恢复应有功能，至少要过半年后再受孕，这样让子宫内环境有一个完全恢复的过程，并为下一次提供良好的条件。注意事项3：不要在炎热和严寒的季节受孕——因为怀孕早期，正是胎儿的大脑皮质出步形成的阶段。酷暑高温，孕妇反应中，食欲不佳，蛋白质及各种营养摄入量减少，机体消耗量大，会影响胎儿大脑的发育。另外，严寒季节孕妇多在室内活动，新鲜空气少，接触呼吸道疾病的机会增多，容易感冒而损害胎儿。"	
					},
					{   "img":"62.jpg",
						"title":"看看新妈妈们独家塑身妙招",
						"content":"注意事项1：不要在患病期间受孕——疾病会影响体质、受精卵的质量、宫内者床环境。患病期间服用的药物也可能对精子和卵子产生不利影响。因此，夫妇双方有人患急性病，需等体质康复停药并征得医生同意后再考虑受孕为宜.注意事项2：不要在早产、流产和摘除葡萄胎后立刻受孕——妇女在早产、流产后，子宫内膜创伤，机体的平衡被突然打破，子宫等器官一时尚不能恢复正常，立即受孕容易再度流产而形成习惯性流产。所以首次流产或早产后，为使子宫等各个器官组织得到充分的休息，恢复应有功能，至少要过半年后再受孕，这样让子宫内环境有一个完全恢复的过程，并为下一次提供良好的条件。注意事项3：不要在炎热和严寒的季节受孕——因为怀孕早期，正是胎儿的大脑皮质出步形成的阶段。酷暑高温，孕妇反应中，食欲不佳，蛋白质及各种营养摄入量减少，机体消耗量大，会影响胎儿大脑的发育。另外，严寒季节孕妇多在室内活动，新鲜空气少，接触呼吸道疾病的机会增多，容易感冒而损害胎儿。"	
					},
					{   "img":"63.jpg",
						"title":"新妈妈产后恢复要解决的问题",
						"content":"注意事项1：不要在患病期间受孕——疾病会影响体质、受精卵的质量、宫内者床环境。患病期间服用的药物也可能对精子和卵子产生不利影响。因此，夫妇双方有人患急性病，需等体质康复停药并征得医生同意后再考虑受孕为宜.注意事项2：不要在早产、流产和摘除葡萄胎后立刻受孕——妇女在早产、流产后，子宫内膜创伤，机体的平衡被突然打破，子宫等器官一时尚不能恢复正常，立即受孕容易再度流产而形成习惯性流产。所以首次流产或早产后，为使子宫等各个器官组织得到充分的休息，恢复应有功能，至少要过半年后再受孕，这样让子宫内环境有一个完全恢复的过程，并为下一次提供良好的条件。注意事项3：不要在炎热和严寒的季节受孕——因为怀孕早期，正是胎儿的大脑皮质出步形成的阶段。酷暑高温，孕妇反应中，食欲不佳，蛋白质及各种营养摄入量减少，机体消耗量大，会影响胎儿大脑的发育。另外，严寒季节孕妇多在室内活动，新鲜空气少，接触呼吸道疾病的机会增多，容易感冒而损害胎儿。"	
					},
					{   "img":"64.jpg",
						"title":"产后收腹瑜伽如何帮你忙",
						"content":"注意事项1：不要在患病期间受孕——疾病会影响体质、受精卵的质量、宫内者床环境。患病期间服用的药物也可能对精子和卵子产生不利影响。因此，夫妇双方有人患急性病，需等体质康复停药并征得医生同意后再考虑受孕为宜.注意事项2：不要在早产、流产和摘除葡萄胎后立刻受孕——妇女在早产、流产后，子宫内膜创伤，机体的平衡被突然打破，子宫等器官一时尚不能恢复正常，立即受孕容易再度流产而形成习惯性流产。所以首次流产或早产后，为使子宫等各个器官组织得到充分的休息，恢复应有功能，至少要过半年后再受孕，这样让子宫内环境有一个完全恢复的过程，并为下一次提供良好的条件。注意事项3：不要在炎热和严寒的季节受孕——因为怀孕早期，正是胎儿的大脑皮质出步形成的阶段。酷暑高温，孕妇反应中，食欲不佳，蛋白质及各种营养摄入量减少，机体消耗量大，会影响胎儿大脑的发育。另外，严寒季节孕妇多在室内活动，新鲜空气少，接触呼吸道疾病的机会增多，容易感冒而损害胎儿。"	
					},
					{   "img":"65.jpg",
						"title":"新妈妈们产后让你恢复",
						"content":"注意事项1：不要在患病期间受孕——疾病会影响体质、受精卵的质量、宫内者床环境。患病期间服用的药物也可能对精子和卵子产生不利影响。因此，夫妇双方有人患急性病，需等体质康复停药并征得医生同意后再考虑受孕为宜.注意事项2：不要在早产、流产和摘除葡萄胎后立刻受孕——妇女在早产、流产后，子宫内膜创伤，机体的平衡被突然打破，子宫等器官一时尚不能恢复正常，立即受孕容易再度流产而形成习惯性流产。所以首次流产或早产后，为使子宫等各个器官组织得到充分的休息，恢复应有功能，至少要过半年后再受孕，这样让子宫内环境有一个完全恢复的过程，并为下一次提供良好的条件。注意事项3：不要在炎热和严寒的季节受孕——因为怀孕早期，正是胎儿的大脑皮质出步形成的阶段。酷暑高温，孕妇反应中，食欲不佳，蛋白质及各种营养摄入量减少，机体消耗量大，会影响胎儿大脑的发育。另外，严寒季节孕妇多在室内活动，新鲜空气少，接触呼吸道疾病的机会增多，容易感冒而损害胎儿。"	
					},
					{   "img":"66.jpg",
						"title":"产后怎样恢复完美身材",
						"content":"注意事项1：不要在患病期间受孕——疾病会影响体质、受精卵的质量、宫内者床环境。患病期间服用的药物也可能对精子和卵子产生不利影响。因此，夫妇双方有人患急性病，需等体质康复停药并征得医生同意后再考虑受孕为宜.注意事项2：不要在早产、流产和摘除葡萄胎后立刻受孕——妇女在早产、流产后，子宫内膜创伤，机体的平衡被突然打破，子宫等器官一时尚不能恢复正常，立即受孕容易再度流产而形成习惯性流产。所以首次流产或早产后，为使子宫等各个器官组织得到充分的休息，恢复应有功能，至少要过半年后再受孕，这样让子宫内环境有一个完全恢复的过程，并为下一次提供良好的条件。注意事项3：不要在炎热和严寒的季节受孕——因为怀孕早期，正是胎儿的大脑皮质出步形成的阶段。酷暑高温，孕妇反应中，食欲不佳，蛋白质及各种营养摄入量减少，机体消耗量大，会影响胎儿大脑的发育。另外，严寒季节孕妇多在室内活动，新鲜空气少，接触呼吸道疾病的机会增多，容易感冒而损害胎儿。"	
					},
					{   "img":"67.jpg",
						"title":"新妈妈怎么做到减腰不减",
						"content":"注意事项1：不要在患病期间受孕——疾病会影响体质、受精卵的质量、宫内者床环境。患病期间服用的药物也可能对精子和卵子产生不利影响。因此，夫妇双方有人患急性病，需等体质康复停药并征得医生同意后再考虑受孕为宜.注意事项2：不要在早产、流产和摘除葡萄胎后立刻受孕——妇女在早产、流产后，子宫内膜创伤，机体的平衡被突然打破，子宫等器官一时尚不能恢复正常，立即受孕容易再度流产而形成习惯性流产。所以首次流产或早产后，为使子宫等各个器官组织得到充分的休息，恢复应有功能，至少要过半年后再受孕，这样让子宫内环境有一个完全恢复的过程，并为下一次提供良好的条件。注意事项3：不要在炎热和严寒的季节受孕——因为怀孕早期，正是胎儿的大脑皮质出步形成的阶段。酷暑高温，孕妇反应中，食欲不佳，蛋白质及各种营养摄入量减少，机体消耗量大，会影响胎儿大脑的发育。另外，严寒季节孕妇多在室内活动，新鲜空气少，接触呼吸道疾病的机会增多，容易感冒而损害胎儿。"	
					},
					{   "img":"68.jpg",
						"title":"产后恢复可练瑜伽",
						"content":"注意事项1：不要在患病期间受孕——疾病会影响体质、受精卵的质量、宫内者床环境。患病期间服用的药物也可能对精子和卵子产生不利影响。因此，夫妇双方有人患急性病，需等体质康复停药并征得医生同意后再考虑受孕为宜.注意事项2：不要在早产、流产和摘除葡萄胎后立刻受孕——妇女在早产、流产后，子宫内膜创伤，机体的平衡被突然打破，子宫等器官一时尚不能恢复正常，立即受孕容易再度流产而形成习惯性流产。所以首次流产或早产后，为使子宫等各个器官组织得到充分的休息，恢复应有功能，至少要过半年后再受孕，这样让子宫内环境有一个完全恢复的过程，并为下一次提供良好的条件。注意事项3：不要在炎热和严寒的季节受孕——因为怀孕早期，正是胎儿的大脑皮质出步形成的阶段。酷暑高温，孕妇反应中，食欲不佳，蛋白质及各种营养摄入量减少，机体消耗量大，会影响胎儿大脑的发育。另外，严寒季节孕妇多在室内活动，新鲜空气少，接触呼吸道疾病的机会增多，容易感冒而损害胎儿。"	
					},
					{   "img":"69.jpg",
						"title":"产后形体恢复有何原则",
						"content":"注意事项1：不要在患病期间受孕——疾病会影响体质、受精卵的质量、宫内者床环境。患病期间服用的药物也可能对精子和卵子产生不利影响。因此，夫妇双方有人患急性病，需等体质康复停药并征得医生同意后再考虑受孕为宜.注意事项2：不要在早产、流产和摘除葡萄胎后立刻受孕——妇女在早产、流产后，子宫内膜创伤，机体的平衡被突然打破，子宫等器官一时尚不能恢复正常，立即受孕容易再度流产而形成习惯性流产。所以首次流产或早产后，为使子宫等各个器官组织得到充分的休息，恢复应有功能，至少要过半年后再受孕，这样让子宫内环境有一个完全恢复的过程，并为下一次提供良好的条件。注意事项3：不要在炎热和严寒的季节受孕——因为怀孕早期，正是胎儿的大脑皮质出步形成的阶段。酷暑高温，孕妇反应中，食欲不佳，蛋白质及各种营养摄入量减少，机体消耗量大，会影响胎儿大脑的发育。另外，严寒季节孕妇多在室内活动，新鲜空气少，接触呼吸道疾病的机会增多，容易感冒而损害胎儿。"	
					}
				]			
			}
}



